Id,UID,UTC,UTCMilliseconds,PCLocalTime,PCTime,ChannelBitmap,SequenceBitmap,UpdateOf,Source,encounterCount,sightingNum,classifiedAs,classifierUsed,classifier2Used,voteList,spList,freqMax,freqMin,duration,freqBeg,freqEnd,freqRange,dcMean,dcStdDev,freqMean,freqStdDev,freqMedian,freqCenter,freqRelBW,freqMaxMinRatio,freqBegEndRatio,freqQuarter1,freqQuarter2,freqQuarter3,freqSpread,dcQuarter1Mean,dcQuarter2Mean,dcQuarter3Mean,dcQuarter4Mean,freqCOFM,freqStepUp,freqStepDown,freqNumSteps,freqSlopeMean,freqAbsSlopeMean,freqPosSlopeMean,freqNegSlopeMean,freqSlopeRatio,freqBegSweep,freqBegUp,freqBegDwn,freqEndSweep,freqEndUp,freqEndDwn,numSweepsUpDwn,numSweepsDwnUp,numSweepsUpFlat,numSweepsDwnFlat,numSweepsFlatUp,numSweepsFlatDwn,freqSweepUpPercent,freqSweepDwnPercent,freqSweepFlatPercent,numInflections,inflMaxDelta,inflMinDelta,inflMaxMinDelta,inflMeanDelta,inflStdDevDelta,inflMedianDelta,infldur,stepdur,freqPeak,bw3db,bw3dbLow,bw3dbHigh,bw10db,bw10dbLow,bw10dbHigh,rmsSignal,rmsNoise,snr,nCrossings,sweepRate,meanTimeZC,medianTimeZC,varianceTimeZC,whaleTrain,clickType,ici,offlineEventID,latitude,longitude
1,4164,2018-07-20 07:19:01.013,13,2018-07-20 03:19:01.013,2023-05-03 03:16:24.344,0,,0,C:\Users\Bailey Lab\Desktop\BD Encounters\Encounter900-T1-C__0__20180720_071500-Channel1-20180720_071901.csv                    ,900,AutoEvent9          ,Tt                  ,NWAtlWhist.model                                                                                                                ,,(0.09467-0.0-0.14267-0.184-0.0-0.05867-0.212-0.028-0.28-)                                                                       ,(Dd-Gg-Gm-Sa-Sb-Sc-Scl-Sf-Tt-)                                                                                                  ,19781.25,19171.875,0.192,19781.25,19781.25,609.375,0.0,0.0,19464.84375,188.668235601545,19406.25,19476.5625,0.0312876052948255,1.03178484107579,1.0,19312.5,19453.125,19359.375,222.65625,0.0,0.0,0.0,0.0,0.046875,0.0,0.0,0.0,2256.21035940803,14277.8805496829,24801.1363636364,-15027.0877378436,-1.6504286656408,0.0,0.0,1.0,2.0,1.0,0.0,2.0,1.0,0.0,1.0,1.0,0.0,33.3333333333333,55.5555555555556,11.1111111111111,4.0,0.063,0.01,6.3,0.039,0.0268514431641951,0.044,20.8333333333333,0.0,0.0,0.0,0.0,0.0,0.0,0.0,0.0,0.0,0.0,0.0,0.0,0.0,0.0,0.0,0.0,0.0,0.0,0.0,0.0,0.0,0.0
2,4165,2018-07-20 20:17:07.455,455,2018-07-20 16:17:07.455,2023-05-03 03:16:31.693,0,,0,C:\Users\Bailey Lab\Desktop\BD Encounters\Encounter901-T1-C__0__20180720_201500-Channel1-20180720_201707.csv                    ,901,AutoEvent10         ,Tt                  ,NWAtlWhist.model                                                                                                                ,,(0.06-0.0-0.044-0.25333-0.0-0.09333-0.2-0.048-0.30133-)                                                                         ,(Dd-Gg-Gm-Sa-Sb-Sc-Scl-Sf-Tt-)                                                                                                  ,18843.75,18328.125,0.214,18796.875,18703.125,515.625,0.0,0.0,18671.875,137.730630443994,18703.125,18585.9375,0.0277427490542245,1.02813299232737,1.00501253132832,18750.0,18328.125,18750.0,93.75,0.0,0.0,0.0,0.0,0.046875,0.0,0.0,0.0,-426.136363636363,9715.90909090909,11612.2159090909,-12677.5568181818,-0.915966386554622,0.0,0.0,1.0,0.0,0.0,1.0,2.0,2.0,0.0,1.0,0.0,1.0,40.0,50.0,10.0,4.0,0.043,0.011,3.90909090909091,0.0253333333333333,0.0162583311976763,0.022,18.6915887850467,0.0,0.0,0.0,0.0,0.0,0.0,0.0,0.0,0.0,0.0,0.0,0.0,0.0,0.0,0.0,0.0,0.0,0.0,0.0,0.0,0.0,0.0
3,4166,2018-07-23 09:16:15.990,990,2018-07-23 05:16:15.990,2023-05-03 03:16:54.526,0,,0,C:\Users\Bailey Lab\Desktop\BD Encounters\Encounter902-T1-C__0__20180723_091500-Channel1-20180723_091615.csv                    ,902,AutoEvent12         ,Sf                  ,NWAtlWhist.model                                                                                                                ,,(0.116-0.0-0.02267-0.11467-0.0-0.15733-0.08533-0.436-0.068-)                                                                    ,(Dd-Gg-Gm-Sa-Sb-Sc-Scl-Sf-Tt-)                                                                                                  ,10640.625,7687.5,0.18,7828.125,10640.625,2953.125,0.0,0.0,8991.72794117647,1291.74812151748,8390.625,9164.0625,0.322250639386189,1.38414634146341,0.73568281938326,7687.5,8390.625,10593.75,2671.875,0.0,0.0,0.0,0.0,0.3,1.0,0.0,1.0,12526.6335227273,16521.6619318182,23238.6363636364,-10653.4090909091,-2.18133333333333,0.0,0.0,1.0,0.0,0.0,1.0,1.0,0.0,0.0,1.0,1.0,0.0,69.2307692307692,23.0769230769231,7.69230769230769,2.0,0.139,0.139,1.0,0.139,0.0,0.139,11.1111111111111,5.55555555555556,0.0,0.0,0.0,0.0,0.0,0.0,0.0,0.0,0.0,0.0,0.0,0.0,0.0,0.0,0.0,0.0,0.0,0.0,0.0,0.0,0.0
4,4167,2018-07-26 06:15:32.288,288,2018-07-26 02:15:32.288,2023-05-03 03:17:51.735,0,,0,C:\Users\Bailey Lab\Desktop\BD Encounters\Encounter903-T1-C__0__20180726_061500-Channel1-20180726_061532.csv                    ,903,AutoEvent16         ,Scl                 ,NWAtlWhist.model                                                                                                                ,,(0.17333-0.0-0.108-0.08-0.0-0.17067-0.256-0.10133-0.11067-)                                                                     ,(Dd-Gg-Gm-Sa-Sb-Sc-Scl-Sf-Tt-)                                                                                                  ,13968.75,12937.5,0.223,12937.5,13312.5,1031.25,0.0,0.0,13289.0625,228.612187702387,13265.625,13453.125,0.0766550522648084,1.07971014492754,0.971830985915493,13125.0,13218.75,13359.375,281.25,0.0,0.0,0.0,0.0,0.05625,0.0,0.0,0.0,1562.5,10328.7337662338,11350.7231404959,-15340.9090909091,-0.73989898989899,2.0,1.0,0.0,2.0,1.0,0.0,4.0,3.0,0.0,0.0,0.0,0.0,71.4285714285714,28.5714285714286,0.0,7.0,0.052,0.011,4.72727272727273,0.032,0.0158871016865884,0.032,31.390134529148,0.0,0.0,0.0,0.0,0.0,0.0,0.0,0.0,0.0,0.0,0.0,0.0,0.0,0.0,0.0,0.0,0.0,0.0,0.0,0.0,0.0,0.0
5,4168,2018-07-26 06:15:44.106,106,2018-07-26 02:15:44.106,2023-05-03 03:17:52.450,0,,0,C:\Users\Bailey Lab\Desktop\BD Encounters\Encounter904-T1-C__0__20180726_061500-Channel1-20180726_061544.csv                    ,904,AutoEvent16         ,Sc                  ,NWAtlWhist.model                                                                                                                ,,(0.21067-0.0-0.03733-0.04-0.0-0.24667-0.07867-0.17733-0.20933-)                                                                 ,(Dd-Gg-Gm-Sa-Sb-Sc-Scl-Sf-Tt-)                                                                                                  ,11343.75,11015.625,0.182,11015.625,11015.625,328.125,0.0,0.0,11112.7232142857,107.936726686146,11062.5,11179.6875,0.0293501048218029,1.02978723404255,1.0,11203.125,11109.375,11109.375,152.34375,0.0,0.0,0.0,0.0,0.0328125,0.0,0.0,0.0,-653.166278166278,10426.3791763792,10587.6473063973,-14403.4090909091,-0.735079260720286,2.0,1.0,0.0,0.0,0.0,1.0,1.0,0.0,0.0,0.0,0.0,0.0,57.1428571428571,42.8571428571429,0.0,1.0,0.0,0.0,0.0,0.0,0.0,0.0,0.0,0.0,0.0,0.0,0.0,0.0,0.0,0.0,0.0,0.0,0.0,0.0,0.0,0.0,0.0,0.0,0.0,0.0,0.0,0.0,0.0,0.0,0.0
6,4169,2018-07-26 06:15:53.930,930,2018-07-26 02:15:53.930,2023-05-03 03:17:53.118,0,,0,C:\Users\Bailey Lab\Desktop\BD Encounters\Encounter905-T1-C__0__20180726_061500-Channel1-20180726_061553.csv                    ,905,AutoEvent16         ,Sc                  ,NWAtlWhist.model                                                                                                                ,,(0.22933-0.0-0.08933-0.012-0.0-0.252-0.1-0.14933-0.168-)                                                                        ,(Dd-Gg-Gm-Sa-Sb-Sc-Scl-Sf-Tt-)                                                                                                  ,12375.0,11578.125,0.161,11578.125,12093.75,796.875,0.0,0.0,11979.4921875,201.048581757153,12023.4375,11976.5625,0.0665362035225049,1.06882591093117,0.957364341085271,11765.625,12046.875,12000.0,152.34375,0.0,0.0,0.0,0.0,0.1078125,0.0,0.0,0.0,2954.54545454546,9602.27272727273,13453.7337662338,-16619.3181818182,-0.80952380952381,2.0,1.0,0.0,2.0,1.0,0.0,1.0,0.0,1.0,1.0,1.0,1.0,53.3333333333333,33.3333333333333,13.3333333333333,3.0,0.044,0.042,1.04761904761905,0.043,0.00141421356237309,0.043,18.6335403726708,0.0,0.0,0.0,0.0,0.0,0.0,0.0,0.0,0.0,0.0,0.0,0.0,0.0,0.0,0.0,0.0,0.0,0.0,0.0,0.0,0.0,0.0
7,4170,2018-07-26 06:16:02.965,965,2018-07-26 02:16:02.965,2023-05-03 03:17:53.711,0,,0,C:\Users\Bailey Lab\Desktop\BD Encounters\Encounter906-T1-C__0__20180726_061500-Channel1-20180726_061602.csv                    ,906,AutoEvent16         ,Dd                  ,NWAtlWhist.model                                                                                                                ,,(0.272-0.0-0.068-0.028-0.0-0.21467-0.136-0.16133-0.12-)                                                                         ,(Dd-Gg-Gm-Sa-Sb-Sc-Scl-Sf-Tt-)                                                                                                  ,11437.5,10828.125,0.17,10828.125,11437.5,609.375,0.0,0.0,11179.6875,216.571397169883,11273.4375,11132.8125,0.0547368421052632,1.05627705627706,0.94672131147541,11062.5,11109.375,11296.875,304.6875,0.0,0.0,0.0,0.0,0.0328125,0.0,0.0,0.0,3558.73166467679,9349.8155807607,10488.194636918,-9410.51136363637,-1.11451909802117,2.0,1.0,0.0,2.0,1.0,0.0,2.0,2.0,0.0,0.0,0.0,0.0,80.0,20.0,0.0,4.0,0.096,0.009,10.6666666666667,0.0456666666666667,0.0450814078455114,0.032,23.5294117647059,0.0,0.0,0.0,0.0,0.0,0.0,0.0,0.0,0.0,0.0,0.0,0.0,0.0,0.0,0.0,0.0,0.0,0.0,0.0,0.0,0.0,0.0
8,4171,2018-07-26 06:16:29.141,141,2018-07-26 02:16:29.141,2023-05-03 03:17:56.237,0,,0,C:\Users\Bailey Lab\Desktop\BD Encounters\Encounter907-T1-C__0__20180726_061500-Channel1-20180726_061629.csv                    ,907,AutoEvent16         ,Dd                  ,NWAtlWhist.model                                                                                                                ,,(0.25733-0.0-0.08533-0.03067-0.0-0.184-0.144-0.17467-0.124-)                                                                    ,(Dd-Gg-Gm-Sa-Sb-Sc-Scl-Sf-Tt-)                                                                                                  ,12281.25,11156.25,0.181,11390.625,11859.375,1125.0,0.0,0.0,11559.8958333333,302.137471906659,11437.5,11718.75,0.096,1.10084033613445,0.960474308300395,11390.625,11296.875,11718.75,304.6875,0.0,0.0,0.0,0.0,0.0796875,0.0,0.0,0.0,2556.81818181818,11430.4812834225,11889.2045454545,-18856.5340909091,-0.630508474576271,2.0,1.0,0.0,2.0,1.0,0.0,2.0,1.0,0.0,1.0,1.0,0.0,71.4285714285714,21.4285714285714,7.14285714285714,4.0,0.096,0.021,4.57142857142857,0.046,0.0433012701892219,0.021,22.0994475138122,0.0,0.0,0.0,0.0,0.0,0.0,0.0,0.0,0.0,0.0,0.0,0.0,0.0,0.0,0.0,0.0,0.0,0.0,0.0,0.0,0.0,0.0
9,4172,2018-07-26 06:16:42.943,943,2018-07-26 02:16:42.943,2023-05-03 03:17:57.376,0,,0,C:\Users\Bailey Lab\Desktop\BD Encounters\Encounter908-T1-C__0__20180726_061500-Channel1-20180726_061642.csv                    ,908,AutoEvent16         ,Ambig               ,NWAtlWhist.model                                                                                                                ,,(0.19867-0.0-0.096-0.07467-0.0-0.17867-0.128-0.12533-0.19867-)                                                                  ,(Dd-Gg-Gm-Sa-Sb-Sc-Scl-Sf-Tt-)                                                                                                  ,10875.0,10125.0,0.16,10125.0,10781.25,750.0,0.0,0.0,10658.203125,178.597235858369,10687.5,10500.0,0.0714285714285714,1.07407407407407,0.939130434782609,10687.5,10781.25,10781.25,187.5,0.0,0.0,0.0,0.0,0.046875,0.0,0.0,0.0,4340.27777777778,9472.85353535353,17266.4141414141,-6415.7196969697,-2.69126691266913,2.0,1.0,0.0,0.0,0.0,1.0,2.0,1.0,0.0,0.0,0.0,0.0,41.6666666666667,58.3333333333333,0.0,3.0,0.032,0.02,1.6,0.026,0.00848528137423857,0.026,18.75,0.0,0.0,0.0,0.0,0.0,0.0,0.0,0.0,0.0,0.0,0.0,0.0,0.0,0.0,0.0,0.0,0.0,0.0,0.0,0.0,0.0,0.0
10,4173,2018-07-26 06:17:31.103,103,2018-07-26 02:17:31.103,2023-05-03 03:18:03.513,0,,0,C:\Users\Bailey Lab\Desktop\BD Encounters\Encounter909-T1-C__0__20180726_061500-Channel1-20180726_061731.csv                    ,909,AutoEvent16         ,Sf                  ,NWAtlWhist.model                                                                                                                ,,(0.23867-0.0-0.06133-0.04133-0.0-0.20933-0.09067-0.25067-0.108-)                                                                ,(Dd-Gg-Gm-Sa-Sb-Sc-Scl-Sf-Tt-)                                                                                                  ,12093.75,11062.5,0.15,11062.5,11531.25,1031.25,0.0,0.0,11431.25,294.800079805911,11390.625,11578.125,0.0890688259109312,1.09322033898305,0.959349593495935,11156.25,11437.5,11625.0,398.4375,0.0,0.0,0.0,0.0,0.065625,0.0,0.0,0.0,3282.26461038961,11145.4951298701,9181.30165289256,-27521.3068181818,-0.333607038123167,2.0,1.0,0.0,2.0,1.0,0.0,1.0,0.0,0.0,0.0,0.0,0.0,100.0,0.0,0.0,1.0,0.0,0.0,0.0,0.0,0.0,0.0,0.0,0.0,0.0,0.0,0.0,0.0,0.0,0.0,0.0,0.0,0.0,0.0,0.0,0.0,0.0,0.0,0.0,0.0,0.0,0.0,0.0,0.0,0.0
11,4174,2018-07-26 06:17:33.642,642,2018-07-26 02:17:33.642,2023-05-03 03:18:03.538,0,,0,C:\Users\Bailey Lab\Desktop\BD Encounters\Encounter910-T1-C__0__20180726_061500-Channel1-20180726_061733.csv                    ,910,AutoEvent16         ,Sc                  ,NWAtlWhist.model                                                                                                                ,,(0.228-0.0-0.01333-0.04267-0.0-0.52533-0.04267-0.11733-0.03067-)                                                                ,(Dd-Gg-Gm-Sa-Sb-Sc-Scl-Sf-Tt-)                                                                                                  ,13781.25,10031.25,0.353,10031.25,13781.25,3750.0,0.0,0.0,11780.6919642857,927.819251286605,11437.5,11906.25,0.31496062992126,1.37383177570093,0.727891156462585,11250.0,11390.625,12421.875,1183.59375,0.0,0.0,0.0,0.0,0.309375,0.0,0.0,0.0,10160.1047921612,10449.4566440131,12096.9164951458,-3906.25,-3.09681062275733,2.0,1.0,0.0,2.0,1.0,0.0,2.0,0.0,0.0,1.0,1.0,0.0,82.7586206896552,10.3448275862069,6.89655172413793,3.0,0.182,0.031,5.87096774193548,0.1065,0.106773123959169,0.1065,8.4985835694051,0.0,0.0,0.0,0.0,0.0,0.0,0.0,0.0,0.0,0.0,0.0,0.0,0.0,0.0,0.0,0.0,0.0,0.0,0.0,0.0,0.0,0.0
12,4175,2018-07-26 06:17:34.719,719,2018-07-26 02:17:34.719,2023-05-03 03:18:04.057,0,,0,C:\Users\Bailey Lab\Desktop\BD Encounters\Encounter911-T1-C__0__20180726_061500-Channel1-20180726_061734.csv                    ,911,AutoEvent16         ,Sc                  ,NWAtlWhist.model                                                                                                                ,,(0.14933-0.0-0.05867-0.068-0.0-0.26267-0.22-0.09333-0.148-)                                                                     ,(Dd-Gg-Gm-Sa-Sb-Sc-Scl-Sf-Tt-)                                                                                                  ,14859.375,14203.125,0.15,14203.125,14531.25,656.25,0.0,0.0,14631.25,225.408854718962,14765.625,14531.25,0.0451612903225806,1.04620462046205,0.97741935483871,14578.125,14812.5,14765.625,281.25,0.0,0.0,0.0,0.0,0.0328125,0.0,0.0,0.0,2374.18831168831,9131.49350649351,11505.6818181818,-9460.22727272727,-1.21621621621622,2.0,1.0,0.0,0.0,0.0,1.0,1.0,0.0,0.0,0.0,0.0,0.0,62.5,37.5,0.0,1.0,0.0,0.0,0.0,0.0,0.0,0.0,0.0,0.0,0.0,0.0,0.0,0.0,0.0,0.0,0.0,0.0,0.0,0.0,0.0,0.0,0.0,0.0,0.0,0.0,0.0,0.0,0.0,0.0,0.0
13,4176,2018-07-26 06:17:36.927,927,2018-07-26 02:17:36.927,2023-05-03 03:18:04.083,0,,0,C:\Users\Bailey Lab\Desktop\BD Encounters\Encounter912-T1-C__0__20180726_061500-Channel1-20180726_061736.csv                    ,912,AutoEvent16         ,Dd                  ,NWAtlWhist.model                                                                                                                ,,(0.304-0.0-0.128-0.024-0.0-0.19333-0.048-0.21067-0.092-)                                                                        ,(Dd-Gg-Gm-Sa-Sb-Sc-Scl-Sf-Tt-)                                                                                                  ,12328.125,10593.75,0.214,10593.75,12093.75,1734.375,0.0,0.0,11433.0357142857,491.831291169253,11296.875,11460.9375,0.151329243353783,1.16371681415929,0.875968992248062,10968.75,11296.875,11859.375,890.625,0.0,0.0,0.0,0.0,0.140625,0.0,0.0,0.0,7265.625,11100.8522727273,15305.3977272727,-19176.1363636364,-0.798148148148148,2.0,1.0,0.0,2.0,1.0,0.0,2.0,0.0,2.0,1.0,3.0,0.0,68.1818181818182,18.1818181818182,13.6363636363636,3.0,0.149,0.022,6.77272727272727,0.0855,0.0898025612106915,0.0855,14.018691588785,0.0,0.0,0.0,0.0,0.0,0.0,0.0,0.0,0.0,0.0,0.0,0.0,0.0,0.0,0.0,0.0,0.0,0.0,0.0,0.0,0.0,0.0
14,4177,2018-07-26 06:17:56.746,746,2018-07-26 02:17:56.746,2023-05-03 03:18:07.539,0,,0,C:\Users\Bailey Lab\Desktop\BD Encounters\Encounter913-T1-C__0__20180726_061500-Channel1-20180726_061756.csv                    ,913,AutoEvent16         ,Sc                  ,NWAtlWhist.model                                                                                                                ,,(0.26133-0.0-0.044-0.01733-0.0-0.32533-0.12933-0.17467-0.048-)                                                                  ,(Dd-Gg-Gm-Sa-Sb-Sc-Scl-Sf-Tt-)                                                                                                  ,13171.875,10875.0,0.236,11250.0,13078.125,2296.875,0.0,0.0,12140.625,888.095562244611,12070.3125,12023.4375,0.191033138401559,1.21120689655172,0.860215053763441,11062.5,11953.125,13171.875,1851.5625,0.0,0.0,0.0,0.0,0.2390625,0.0,0.0,0.0,7112.41883116883,11292.6136363636,17568.4400826446,-14630.6818181818,-1.20079435127979,0.0,0.0,1.0,0.0,0.0,1.0,0.0,1.0,1.0,0.0,0.0,1.0,62.5,29.1666666666667,8.33333333333333,2.0,0.169,0.169,1.0,0.169,0.0,0.169,8.47457627118644,0.0,0.0,0.0,0.0,0.0,0.0,0.0,0.0,0.0,0.0,0.0,0.0,0.0,0.0,0.0,0.0,0.0,0.0,0.0,0.0,0.0,0.0
15,4178,2018-07-26 06:18:00.234,234,2018-07-26 02:18:00.234,2023-05-03 03:18:08.631,0,,0,C:\Users\Bailey Lab\Desktop\BD Encounters\Encounter914-T1-C__0__20180726_061500-Channel1-20180726_061800.csv                    ,914,AutoEvent16         ,Scl                 ,NWAtlWhist.model                                                                                                                ,,(0.13867-0.0-0.05733-0.092-0.0-0.17867-0.31733-0.14933-0.06667-)                                                                ,(Dd-Gg-Gm-Sa-Sb-Sc-Scl-Sf-Tt-)                                                                                                  ,14156.25,12328.125,0.203,12328.125,13828.125,1828.125,0.0,0.0,13435.8552631579,575.630285992073,13359.375,13242.1875,0.138053097345133,1.14828897338403,0.891525423728814,12937.5,13359.375,14156.25,1031.25,0.0,0.0,0.0,0.0,0.159375,0.0,0.0,0.0,6430.37518037518,12869.7691197691,15791.0271546635,-14488.6363636364,-1.08989050165521,2.0,1.0,0.0,0.0,0.0,1.0,1.0,1.0,1.0,0.0,0.0,1.0,71.4285714285714,21.4285714285714,7.14285714285714,3.0,0.086,0.02,4.3,0.053,0.0466690475583121,0.053,14.7783251231527,0.0,0.0,0.0,0.0,0.0,0.0,0.0,0.0,0.0,0.0,0.0,0.0,0.0,0.0,0.0,0.0,0.0,0.0,0.0,0.0,0.0,0.0
16,4179,2018-07-26 06:19:01.483,483,2018-07-26 02:19:01.483,2023-05-03 03:18:54.633,0,,0,C:\Users\Bailey Lab\Desktop\BD Encounters\Encounter915-T1-C__0__20180726_061500-Channel1-20180726_061901.csv                    ,915,AutoEvent16         ,Dd                  ,NWAtlWhist.model                                                                                                                ,,(0.31467-0.0-0.048-0.04933-0.0-0.268-0.02267-0.22267-0.07467-)                                                                  ,(Dd-Gg-Gm-Sa-Sb-Sc-Scl-Sf-Tt-)                                                                                                  ,12890.625,10875.0,0.18,10875.0,12890.625,2015.625,0.0,0.0,12151.6544117647,516.829934041661,12234.375,11882.8125,0.169625246548323,1.18534482758621,0.843636363636364,11812.5,12234.375,12515.625,656.25,0.0,0.0,0.0,0.0,0.0890625,0.0,0.0,0.0,10262.7840909091,10848.7215909091,12063.7175324675,-4687.5,-2.57359307359307,2.0,1.0,0.0,2.0,1.0,0.0,1.0,0.0,0.0,0.0,0.0,0.0,100.0,0.0,0.0,1.0,0.0,0.0,0.0,0.0,0.0,0.0,0.0,0.0,0.0,0.0,0.0,0.0,0.0,0.0,0.0,0.0,0.0,0.0,0.0,0.0,0.0,0.0,0.0,0.0,0.0,0.0,0.0,0.0,0.0
17,4180,2018-07-26 06:19:14.719,719,2018-07-26 02:19:14.719,2023-05-03 03:20:47.306,0,,0,C:\Users\Bailey Lab\Desktop\BD Encounters\Encounter916-T1-C__0__20180726_061500-Channel1-20180726_061914.csv                    ,916,AutoEvent16         ,Dd                  ,NWAtlWhist.model                                                                                                                ,,(0.32667-0.0-0.068-0.044-0.0-0.124-0.06533-0.29733-0.07467-)                                                                    ,(Dd-Gg-Gm-Sa-Sb-Sc-Scl-Sf-Tt-)                                                                                                  ,11625.0,9937.5,0.15,9937.5,11437.5,1687.5,0.0,0.0,11081.25,593.932067949935,11437.5,10781.25,0.156521739130435,1.16981132075472,0.868852459016394,10546.875,11484.375,11578.125,890.625,0.0,0.0,0.0,0.0,0.1078125,0.0,0.0,0.0,10014.2045454545,13058.0357142857,17945.0757575758,-10653.4090909091,-1.68444444444444,2.0,1.0,0.0,2.0,1.0,0.0,2.0,1.0,0.0,0.0,0.0,0.0,83.3333333333333,16.6666666666667,0.0,3.0,0.021,0.011,1.90909090909091,0.016,0.00707106781186548,0.016,20.0,0.0,0.0,0.0,0.0,0.0,0.0,0.0,0.0,0.0,0.0,0.0,0.0,0.0,0.0,0.0,0.0,0.0,0.0,0.0,0.0,0.0,0.0
18,4181,2018-07-26 06:19:19.125,125,2018-07-26 02:19:19.125,2023-05-03 03:21:48.369,0,,0,C:\Users\Bailey Lab\Desktop\BD Encounters\Encounter917-T1-C__0__20180726_061500-Channel1-20180726_061919.csv                    ,917,AutoEvent16         ,Dd                  ,NWAtlWhist.model                                                                                                                ,,(0.35333-0.0-0.05733-0.05067-0.0-0.16667-0.09733-0.20933-0.06533-)                                                              ,(Dd-Gg-Gm-Sa-Sb-Sc-Scl-Sf-Tt-)                                                                                                  ,11156.25,10125.0,0.234,10171.875,11015.625,1031.25,0.0,0.0,10656.9293478261,310.164506447438,10687.5,10640.625,0.0969162995594714,1.10185185185185,0.923404255319149,10734.375,10125.0,10921.875,539.0625,0.0,0.0,0.0,0.0,0.1640625,0.0,0.0,0.0,3631.84400826446,10882.6188016529,10643.9393939394,-15951.7045454545,-0.667260314633422,2.0,1.0,0.0,0.0,0.0,1.0,3.0,2.0,0.0,0.0,0.0,0.0,76.4705882352941,23.5294117647059,0.0,5.0,0.085,0.01,8.5,0.03725,0.035330581653859,0.027,21.3675213675214,0.0,0.0,0.0,0.0,0.0,0.0,0.0,0.0,0.0,0.0,0.0,0.0,0.0,0.0,0.0,0.0,0.0,0.0,0.0,0.0,0.0,0.0
19,4182,2018-07-27 05:01:13.398,398,2018-07-27 01:01:13.398,2023-05-03 11:36:38.716,0,,0,C:\Users\Bailey Lab\Desktop\BD Encounters\Encounter1-T1-C__0__20180727_050000-Channel1-20180727_050113.csv                      ,1,AutoEvent1          ,Sc                  ,NWAtlWhist.model                                                                                                                ,,(0.29467-0.0-0.02-0.02533-0.0-0.32-0.04933-0.19867-0.092-)                                                                      ,(Dd-Gg-Gm-Sa-Sb-Sc-Scl-Sf-Tt-)                                                                                                  ,12562.5,11156.25,0.244,11156.25,12281.25,1406.25,0.0,0.0,11810.0328947368,467.047346298221,11765.625,11859.375,0.118577075098814,1.12605042016807,0.908396946564885,11343.75,11765.625,12046.875,937.5,0.0,0.0,0.0,0.0,0.1125,0.0,0.0,0.0,4727.48602419119,9962.7102089738,11017.6471748737,-11779.2544157609,-0.935343340588002,2.0,1.0,0.0,0.0,0.0,1.0,1.0,0.0,1.0,0.0,1.0,0.0,78.5714285714286,14.2857142857143,7.14285714285714,1.0,0.0,0.0,0.0,0.0,0.0,0.0,0.0,0.0,0.0,0.0,0.0,0.0,0.0,0.0,0.0,0.0,0.0,0.0,0.0,0.0,0.0,0.0,0.0,0.0,0.0,0.0,0.0,0.0,0.0
20,4183,2018-07-27 05:04:08.341,341,2018-07-27 01:04:08.341,2023-05-03 11:36:41.843,0,,0,C:\Users\Bailey Lab\Desktop\BD Encounters\Encounter2-T1-C__0__20180727_050000-Channel1-20180727_050408.csv                      ,2,AutoEvent1          ,Scl                 ,NWAtlWhist.model                                                                                                                ,,(0.02667-0.0-0.13067-0.092-0.0-0.02533-0.37333-0.04533-0.30667-)                                                                ,(Dd-Gg-Gm-Sa-Sb-Sc-Scl-Sf-Tt-)                                                                                                  ,20109.375,19687.5,0.181,19875.0,19687.5,421.875,0.0,0.0,19931.9196428571,160.472646296738,19945.3125,19898.4375,0.0212014134275618,1.02142857142857,1.00952380952381,20109.375,19734.375,19734.375,328.125,0.0,0.0,0.0,0.0,0.084375,0.0,0.0,0.0,-2839.46595856973,13812.6319435282,14265.115780446,-18039.7727272727,-0.790759173971178,2.0,1.0,0.0,0.0,0.0,1.0,1.0,2.0,1.0,0.0,0.0,1.0,37.5,50.0,12.5,4.0,0.022,0.021,1.04761904761905,0.0216666666666667,0.000577350269189624,0.022,22.0994475138122,0.0,0.0,0.0,0.0,0.0,0.0,0.0,0.0,0.0,0.0,0.0,0.0,0.0,0.0,0.0,0.0,0.0,0.0,0.0,0.0,0.0,0.0
21,4184,2018-07-27 05:15:12.821,821,2018-07-27 01:15:12.821,2023-05-03 11:36:44.120,0,,0,C:\Users\Bailey Lab\Desktop\BD Encounters\Encounter3-T1-C__0__20180727_051500-Channel1-20180727_051512.csv                      ,3,AutoEvent2          ,Sc                  ,NWAtlWhist.model                                                                                                                ,,(0.23333-0.0-0.05067-0.05067-0.0-0.264-0.08133-0.21067-0.10933-)                                                                ,(Dd-Gg-Gm-Sa-Sb-Sc-Scl-Sf-Tt-)                                                                                                  ,11156.25,10171.875,0.171,10171.875,10640.625,984.375,0.0,0.0,10859.375,290.941647776172,10968.75,10664.0625,0.0923076923076923,1.09677419354839,0.955947136563877,10781.25,11156.25,11156.25,445.3125,0.0,0.0,0.0,0.0,0.05625,0.0,0.0,0.0,3970.93141233766,10832.2341720779,12952.7698863636,-12007.2798295455,-1.07874306839187,2.0,1.0,0.0,0.0,0.0,1.0,1.0,0.0,0.0,0.0,0.0,0.0,63.6363636363636,36.3636363636364,0.0,1.0,0.0,0.0,0.0,0.0,0.0,0.0,0.0,0.0,0.0,0.0,0.0,0.0,0.0,0.0,0.0,0.0,0.0,0.0,0.0,0.0,0.0,0.0,0.0,0.0,0.0,0.0,0.0,0.0,0.0
22,4185,2018-07-27 05:15:46.390,390,2018-07-27 01:15:46.390,2023-05-03 11:36:45.156,0,,0,C:\Users\Bailey Lab\Desktop\BD Encounters\Encounter4-T1-C__0__20180727_051500-Channel1-20180727_051546.csv                      ,4,AutoEvent2          ,Sc                  ,NWAtlWhist.model                                                                                                                ,,(0.18667-0.0-0.08667-0.036-0.0-0.232-0.1-0.224-0.13467-)                                                                        ,(Dd-Gg-Gm-Sa-Sb-Sc-Scl-Sf-Tt-)                                                                                                  ,11015.625,9281.25,0.18,9281.25,10687.5,1734.375,0.0,0.0,10640.625,475.321582318379,10757.8125,10148.4375,0.170900692840647,1.18686868686869,0.868421052631579,10640.625,11015.625,10921.875,433.59375,0.0,0.0,0.0,0.0,0.0796875,0.0,0.0,0.0,7946.18983957219,14814.5053475936,24183.2386363636,-9730.11363636364,-2.48540145985401,2.0,1.0,0.0,0.0,0.0,1.0,0.0,0.0,1.0,0.0,0.0,1.0,46.6666666666667,40.0,13.3333333333333,1.0,0.0,0.0,0.0,0.0,0.0,0.0,0.0,0.0,0.0,0.0,0.0,0.0,0.0,0.0,0.0,0.0,0.0,0.0,0.0,0.0,0.0,0.0,0.0,0.0,0.0,0.0,0.0,0.0,0.0
23,4186,2018-07-27 05:17:28.906,906,2018-07-27 01:17:28.906,2023-05-03 11:36:48.615,0,,0,C:\Users\Bailey Lab\Desktop\BD Encounters\Encounter5-T1-C__0__20180727_051500-Channel1-20180727_051728.csv                      ,5,AutoEvent2          ,Gm                  ,NWAtlWhist.model                                                                                                                ,,(0.172-0.0-0.26-0.048-0.0-0.13733-0.032-0.22667-0.124-)                                                                         ,(Dd-Gg-Gm-Sa-Sb-Sc-Scl-Sf-Tt-)                                                                                                  ,12187.5,10031.25,0.171,10031.25,12000.0,2156.25,0.0,0.0,11296.875,753.148439628859,11460.9375,11109.375,0.194092827004219,1.21495327102804,0.8359375,10500.0,11390.625,11953.125,1300.78125,0.0,0.0,0.0,0.0,0.16875,0.0,0.0,0.0,11095.9353146853,13718.3129370629,16129.2613636364,-17045.4545454545,-0.94625,2.0,1.0,0.0,2.0,1.0,0.0,1.0,0.0,0.0,0.0,0.0,0.0,100.0,0.0,0.0,1.0,0.0,0.0,0.0,0.0,0.0,0.0,0.0,0.0,0.0,0.0,0.0,0.0,0.0,0.0,0.0,0.0,0.0,0.0,0.0,0.0,0.0,0.0,0.0,0.0,0.0,0.0,0.0,0.0,0.0
24,4187,2018-07-27 05:17:33.130,130,2018-07-27 01:17:33.130,2023-05-03 11:36:48.763,0,,0,C:\Users\Bailey Lab\Desktop\BD Encounters\Encounter6-T1-C__0__20180727_051500-Channel1-20180727_051733.csv                      ,6,AutoEvent2          ,Dd                  ,NWAtlWhist.model                                                                                                                ,,(0.324-0.0-0.04267-0.02667-0.0-0.22267-0.09333-0.216-0.07467-)                                                                  ,(Dd-Gg-Gm-Sa-Sb-Sc-Scl-Sf-Tt-)                                                                                                  ,11812.5,10125.0,0.245,10125.0,11578.125,1687.5,0.0,0.0,11258.5227272727,608.711239399092,11531.25,10968.75,0.153846153846154,1.16666666666667,0.874493927125506,10875.0,11765.625,11531.25,667.96875,0.0,0.0,0.0,0.0,0.1734375,0.0,0.0,0.0,4342.53246753247,9943.18181818182,13636.3636363636,-11761.3636363636,-1.15942028985507,2.0,1.0,0.0,0.0,0.0,1.0,4.0,3.0,0.0,0.0,0.0,0.0,64.7058823529412,35.2941176470588,0.0,7.0,0.075,0.011,6.81818181818182,0.0355,0.0231495140337762,0.0315,28.5714285714286,0.0,0.0,0.0,0.0,0.0,0.0,0.0,0.0,0.0,0.0,0.0,0.0,0.0,0.0,0.0,0.0,0.0,0.0,0.0,0.0,0.0,0.0
25,4188,2018-07-27 05:18:10.335,335,2018-07-27 01:18:10.335,2023-05-03 11:36:50.061,0,,0,C:\Users\Bailey Lab\Desktop\BD Encounters\Encounter7-T1-C__0__20180727_051500-Channel1-20180727_051810.csv                      ,7,AutoEvent2          ,Sc                  ,NWAtlWhist.model                                                                                                                ,,(0.116-0.0-0.00933-0.044-0.0-0.56133-0.10267-0.12667-0.04-)                                                                     ,(Dd-Gg-Gm-Sa-Sb-Sc-Scl-Sf-Tt-)                                                                                                  ,11390.625,8250.0,0.331,8250.0,11390.625,3140.625,0.0,0.0,9710.9375,1050.32923756016,9468.75,9820.3125,0.31980906921241,1.38068181818182,0.724279835390947,8906.25,9421.875,10687.5,1816.40625,0.0,0.0,0.0,0.0,0.28125,0.0,0.0,0.0,8800.69553291536,10035.0215517241,13655.8948863636,-4474.43181818182,-3.05198412698413,2.0,1.0,0.0,2.0,1.0,0.0,1.0,0.0,0.0,0.0,0.0,0.0,100.0,0.0,0.0,1.0,0.0,0.0,0.0,0.0,0.0,0.0,0.0,0.0,0.0,0.0,0.0,0.0,0.0,0.0,0.0,0.0,0.0,0.0,0.0,0.0,0.0,0.0,0.0,0.0,0.0,0.0,0.0,0.0,0.0
26,4189,2018-07-27 05:18:12.149,149,2018-07-27 01:18:12.149,2023-05-03 11:36:50.136,0,,0,C:\Users\Bailey Lab\Desktop\BD Encounters\Encounter8-T1-C__0__20180727_051500-Channel1-20180727_051812.csv                      ,8,AutoEvent2          ,Sc                  ,NWAtlWhist.model                                                                                                                ,,(0.22667-0.0-0.04267-0.01733-0.0-0.46-0.02-0.19733-0.036-)                                                                      ,(Dd-Gg-Gm-Sa-Sb-Sc-Scl-Sf-Tt-)                                                                                                  ,11578.125,9093.75,0.266,9093.75,11437.5,2484.375,0.0,0.0,10490.9855769231,882.647087124098,10429.6875,10335.9375,0.240362811791383,1.27319587628866,0.795081967213115,9750.0,10218.75,11437.5,1675.78125,0.0,0.0,0.0,0.0,0.2109375,0.0,0.0,0.0,8786.93181818182,10286.9318181818,12548.5944976077,-9375.0,-1.33851674641148,2.0,1.0,0.0,2.0,1.0,0.0,1.0,0.0,2.0,0.0,2.0,0.0,84.0,8.0,8.0,1.0,0.0,0.0,0.0,0.0,0.0,0.0,0.0,0.0,0.0,0.0,0.0,0.0,0.0,0.0,0.0,0.0,0.0,0.0,0.0,0.0,0.0,0.0,0.0,0.0,0.0,0.0,0.0,0.0,0.0
27,4190,2018-07-27 05:18:47.541,541,2018-07-27 01:18:47.541,2023-05-03 11:36:51.423,0,,0,C:\Users\Bailey Lab\Desktop\BD Encounters\Encounter9-T1-C__0__20180727_051500-Channel1-20180727_051847.csv                      ,9,AutoEvent2          ,Sc                  ,NWAtlWhist.model                                                                                                                ,,(0.28-0.0-0.048-0.036-0.0-0.28667-0.136-0.12533-0.088-)                                                                         ,(Dd-Gg-Gm-Sa-Sb-Sc-Scl-Sf-Tt-)                                                                                                  ,12000.0,10781.25,0.181,11109.375,11953.125,1218.75,0.0,0.0,11346.6796875,422.904559684053,11132.8125,11390.625,0.106995884773663,1.11304347826087,0.929411764705882,11015.625,11109.375,11765.625,726.5625,0.0,0.0,0.0,0.0,0.09375,0.0,0.0,0.0,4867.42424242424,9393.9393939394,10696.0227272727,-11316.2878787879,-0.945188284518828,2.0,1.0,0.0,2.0,1.0,0.0,1.0,1.0,0.0,0.0,0.0,0.0,100.0,0.0,0.0,2.0,0.149,0.149,1.0,0.149,0.0,0.149,11.0497237569061,0.0,0.0,0.0,0.0,0.0,0.0,0.0,0.0,0.0,0.0,0.0,0.0,0.0,0.0,0.0,0.0,0.0,0.0,0.0,0.0,0.0,0.0
28,4191,2018-07-27 05:19:40.992,992,2018-07-27 01:19:40.992,2023-05-03 11:36:53.467,0,,0,C:\Users\Bailey Lab\Desktop\BD Encounters\Encounter10-T1-C__0__20180727_051500-Channel1-20180727_051940.csv                     ,10,AutoEvent2          ,Sc                  ,NWAtlWhist.model                                                                                                                ,,(0.204-0.0-0.08667-0.088-0.0-0.22267-0.196-0.09733-0.10533-)                                                                    ,(Dd-Gg-Gm-Sa-Sb-Sc-Scl-Sf-Tt-)                                                                                                  ,14062.5,13218.75,0.192,13218.75,14062.5,843.75,0.0,0.0,13571.5460526316,267.625016900612,13500.0,13640.625,0.0618556701030928,1.06382978723404,0.94,13500.0,13500.0,13640.625,398.4375,0.0,0.0,0.0,0.0,0.0796875,0.0,0.0,0.0,4166.66666666667,9138.25757575758,11974.4318181818,-8948.86363636364,-1.33809523809524,2.0,1.0,0.0,2.0,1.0,0.0,3.0,2.0,0.0,0.0,0.0,0.0,80.0,20.0,0.0,5.0,0.054,0.01,5.4,0.03475,0.0226770809408971,0.0375,26.0416666666667,0.0,0.0,0.0,0.0,0.0,0.0,0.0,0.0,0.0,0.0,0.0,0.0,0.0,0.0,0.0,0.0,0.0,0.0,0.0,0.0,0.0,0.0
29,4192,2018-07-29 21:04:26.645,645,2018-07-29 17:04:26.645,2023-05-03 11:37:11.732,0,,0,C:\Users\Bailey Lab\Desktop\BD Encounters\Encounter11-T1-C__0__20180729_210000-Channel1-20180729_210426.csv                     ,11,AutoEvent5          ,Tt                  ,NWAtlWhist.model                                                                                                                ,,(0.124-0.0-0.096-0.176-0.0-0.14667-0.12-0.06-0.27733-)                                                                          ,(Dd-Gg-Gm-Sa-Sb-Sc-Scl-Sf-Tt-)                                                                                                  ,10640.625,10125.0,0.16,10265.625,10125.0,515.625,0.0,0.0,10315.4296875,159.162312126843,10312.5,10382.8125,0.0496613995485327,1.05092592592593,1.01388888888889,10171.875,10406.25,10312.5,257.8125,0.0,0.0,0.0,0.0,0.0703125,0.0,0.0,0.0,-795.454545454546,11477.2727272727,13352.2727272727,-13149.3506493506,-1.01543209876543,0.0,0.0,1.0,0.0,0.0,1.0,1.0,1.0,0.0,0.0,0.0,0.0,28.5714285714286,71.4285714285714,0.0,2.0,0.053,0.053,1.0,0.053,0.0,0.053,12.5,0.0,0.0,0.0,0.0,0.0,0.0,0.0,0.0,0.0,0.0,0.0,0.0,0.0,0.0,0.0,0.0,0.0,0.0,0.0,0.0,0.0,0.0
30,4193,2018-07-29 21:04:40.159,159,2018-07-29 17:04:40.159,2023-05-03 11:37:11.944,0,,0,C:\Users\Bailey Lab\Desktop\BD Encounters\Encounter12-T1-C__0__20180729_210000-Channel1-20180729_210440.csv                     ,12,AutoEvent5          ,Tt                  ,NWAtlWhist.model                                                                                                                ,,(0.176-0.0-0.06533-0.08133-0.0-0.20133-0.10533-0.168-0.20267-)                                                                  ,(Dd-Gg-Gm-Sa-Sb-Sc-Scl-Sf-Tt-)                                                                                                  ,11296.875,10359.375,0.182,10359.375,10406.25,937.5,0.0,0.0,10893.2291666667,326.402604747617,10945.3125,10828.125,0.0865800865800866,1.09049773755656,0.995495495495496,11296.875,11250.0,10687.5,457.03125,0.0,0.0,0.0,0.0,0.1171875,0.0,0.0,0.0,66.8449197860956,15157.0855614973,21567.2348484848,-14251.8939393939,-1.51328903654485,2.0,1.0,0.0,2.0,1.0,0.0,0.0,0.0,1.0,0.0,0.0,1.0,35.7142857142857,57.1428571428571,7.14285714285714,1.0,0.0,0.0,0.0,0.0,0.0,0.0,0.0,0.0,0.0,0.0,0.0,0.0,0.0,0.0,0.0,0.0,0.0,0.0,0.0,0.0,0.0,0.0,0.0,0.0,0.0,0.0,0.0,0.0,0.0
31,4194,2018-07-29 21:04:57.184,184,2018-07-29 17:04:57.184,2023-05-03 11:37:12.252,0,,0,C:\Users\Bailey Lab\Desktop\BD Encounters\Encounter13-T1-C__0__20180729_210000-Channel1-20180729_210457.csv                     ,13,AutoEvent5          ,Sc                  ,NWAtlWhist.model                                                                                                                ,,(0.21467-0.0-0.056-0.04667-0.0-0.26-0.064-0.14933-0.20933-)                                                                     ,(Dd-Gg-Gm-Sa-Sb-Sc-Scl-Sf-Tt-)                                                                                                  ,11531.25,10828.125,0.17,10828.125,11343.75,703.125,0.0,0.0,11272.0588235294,196.17456809505,11343.75,11179.6875,0.0628930817610063,1.06493506493506,0.954545454545455,11343.75,11343.75,11156.25,187.5,0.0,0.0,0.0,0.0,0.0796875,0.0,0.0,0.0,2823.15340909091,10174.0056818182,20795.4545454545,-11761.3636363636,-1.76811594202899,2.0,1.0,0.0,0.0,0.0,1.0,1.0,0.0,0.0,1.0,0.0,1.0,41.1764705882353,47.0588235294118,11.7647058823529,1.0,0.0,0.0,0.0,0.0,0.0,0.0,0.0,0.0,0.0,0.0,0.0,0.0,0.0,0.0,0.0,0.0,0.0,0.0,0.0,0.0,0.0,0.0,0.0,0.0,0.0,0.0,0.0,0.0,0.0
32,4195,2018-07-29 21:19:10.154,154,2018-07-29 17:19:10.154,2023-05-03 11:37:17.101,0,,0,C:\Users\Bailey Lab\Desktop\BD Encounters\Encounter14-T1-C__0__20180729_211500-Channel1-20180729_211910.csv                     ,14,AutoEvent6          ,Tt                  ,NWAtlWhist.model                                                                                                                ,,(0.13467-0.0-0.07733-0.092-0.0-0.13333-0.228-0.104-0.23067-)                                                                    ,(Dd-Gg-Gm-Sa-Sb-Sc-Scl-Sf-Tt-)                                                                                                  ,14906.25,14578.125,0.171,14812.5,14718.75,328.125,0.0,0.0,14753.90625,100.535674638409,14765.625,14742.1875,0.0222575516693164,1.02250803858521,1.00636942675159,14625.0,14812.5,14625.0,128.90625,0.0,0.0,0.0,0.0,0.0375,0.0,0.0,0.0,-965.909090909091,9469.69696969697,9111.2012987013,-11181.0064935065,-0.814882032667877,0.0,0.0,1.0,2.0,1.0,0.0,1.0,1.0,0.0,0.0,0.0,0.0,40.0,60.0,0.0,2.0,0.073,0.073,1.0,0.073,0.0,0.073,11.6959064327485,0.0,0.0,0.0,0.0,0.0,0.0,0.0,0.0,0.0,0.0,0.0,0.0,0.0,0.0,0.0,0.0,0.0,0.0,0.0,0.0,0.0,0.0
33,4196,2018-07-29 21:19:15.359,359,2018-07-29 17:19:15.359,2023-05-03 11:37:17.203,0,,0,C:\Users\Bailey Lab\Desktop\BD Encounters\Encounter15-T1-C__0__20180729_211500-Channel1-20180729_211915.csv                     ,15,AutoEvent6          ,Sf                  ,NWAtlWhist.model                                                                                                                ,,(0.236-0.0-0.112-0.01733-0.0-0.20133-0.06533-0.308-0.06-)                                                                       ,(Dd-Gg-Gm-Sa-Sb-Sc-Scl-Sf-Tt-)                                                                                                  ,10828.125,9421.875,0.203,9421.875,10359.375,1406.25,0.0,0.0,9984.375,415.939606888966,9937.5,10125.0,0.138888888888889,1.14925373134328,0.909502262443439,9609.375,9937.5,10312.5,714.84375,0.0,0.0,0.0,0.0,0.121875,0.0,0.0,0.0,4732.35645933015,9666.56698564594,11399.1477272727,-23437.5,-0.486363636363636,2.0,1.0,0.0,2.0,1.0,0.0,1.0,0.0,1.0,0.0,1.0,0.0,78.9473684210526,10.5263157894737,10.5263157894737,1.0,0.0,0.0,0.0,0.0,0.0,0.0,0.0,0.0,0.0,0.0,0.0,0.0,0.0,0.0,0.0,0.0,0.0,0.0,0.0,0.0,0.0,0.0,0.0,0.0,0.0,0.0,0.0,0.0,0.0
34,4197,2018-07-29 21:19:51.135,135,2018-07-29 17:19:51.135,2023-05-03 11:37:17.697,0,,0,C:\Users\Bailey Lab\Desktop\BD Encounters\Encounter16-T1-C__0__20180729_211500-Channel1-20180729_211951.csv                     ,16,AutoEvent6          ,Sc                  ,NWAtlWhist.model                                                                                                                ,,(0.132-0.0-0.092-0.18933-0.0-0.35733-0.108-0.03333-0.088-)                                                                      ,(Dd-Gg-Gm-Sa-Sb-Sc-Scl-Sf-Tt-)                                                                                                  ,15234.375,13921.875,0.192,14812.5,13968.75,1312.5,0.0,0.0,14636.0294117647,494.005963181627,14812.5,14578.125,0.090032154340836,1.09427609427609,1.06040268456376,15234.375,14859.375,14203.125,890.625,0.0,0.0,0.0,0.0,0.121875,0.0,0.0,0.0,-6662.81960227273,10169.5667613636,7013.49431818182,-13465.9090909091,-0.520833333333333,2.0,1.0,0.0,0.0,0.0,1.0,1.0,0.0,0.0,0.0,0.0,0.0,20.0,80.0,0.0,1.0,0.0,0.0,0.0,0.0,0.0,0.0,0.0,0.0,0.0,0.0,0.0,0.0,0.0,0.0,0.0,0.0,0.0,0.0,0.0,0.0,0.0,0.0,0.0,0.0,0.0,0.0,0.0,0.0,0.0
35,4198,2018-07-31 05:00:00.437,437,2018-07-31 01:00:00.437,2023-05-03 11:37:28.593,0,,0,C:\Users\Bailey Lab\Desktop\BD Encounters\Encounter17-T1-C__0__20180731_050000-Channel1-20180731_050000.csv                     ,17,AutoEvent9          ,Tt                  ,NWAtlWhist.model                                                                                                                ,,(0.136-0.0-0.05067-0.07867-0.0-0.144-0.19867-0.09067-0.30133-)                                                                  ,(Dd-Gg-Gm-Sa-Sb-Sc-Scl-Sf-Tt-)                                                                                                  ,13875.0,13406.25,0.192,13406.25,13640.625,468.75,0.0,0.0,13596.2171052632,137.529901055045,13593.75,13640.625,0.0343642611683849,1.03496503496504,0.982817869415807,13500.0,13500.0,13640.625,164.0625,0.0,0.0,0.0,0.0,0.0609375,0.0,0.0,0.0,1250.78914141414,9489.4255050505,12082.7414772727,-10592.5324675325,-1.14068486590038,2.0,1.0,0.0,0.0,0.0,1.0,3.0,2.0,0.0,1.0,0.0,1.0,45.4545454545455,45.4545454545455,9.09090909090909,5.0,0.063,0.011,5.72727272727273,0.0295,0.0229419557434263,0.022,26.0416666666667,0.0,0.0,0.0,0.0,0.0,0.0,0.0,0.0,0.0,0.0,0.0,0.0,0.0,0.0,0.0,0.0,0.0,0.0,0.0,0.0,0.0,0.0
36,4199,2018-07-31 05:02:57.301,301,2018-07-31 01:02:57.301,2023-05-03 11:37:37.452,0,,0,C:\Users\Bailey Lab\Desktop\BD Encounters\Encounter18-T1-C__0__20180731_050000-Channel1-20180731_050257.csv                     ,18,AutoEvent9          ,Dd                  ,NWAtlWhist.model                                                                                                                ,,(0.25867-0.0-0.02-0.03733-0.0-0.212-0.21467-0.11733-0.14-)                                                                      ,(Dd-Gg-Gm-Sa-Sb-Sc-Scl-Sf-Tt-)                                                                                                  ,16265.625,14484.375,0.17,14484.375,16171.875,1781.25,0.0,0.0,15638.671875,578.642082946142,15867.1875,15375.0,0.115853658536585,1.12297734627832,0.895652173913044,15328.125,15843.75,16031.25,632.8125,0.0,0.0,0.0,0.0,0.084375,0.0,0.0,0.0,10104.1666666667,11297.3484848485,16051.1363636364,-4474.43181818182,-3.58730158730159,2.0,1.0,0.0,2.0,1.0,0.0,1.0,0.0,1.0,0.0,1.0,0.0,70.5882352941177,17.6470588235294,11.7647058823529,1.0,0.0,0.0,0.0,0.0,0.0,0.0,0.0,0.0,0.0,0.0,0.0,0.0,0.0,0.0,0.0,0.0,0.0,0.0,0.0,0.0,0.0,0.0,0.0,0.0,0.0,0.0,0.0,0.0,0.0
37,4200,2018-07-31 05:04:45.226,226,2018-07-31 01:04:45.226,2023-05-03 11:37:42.596,0,,0,C:\Users\Bailey Lab\Desktop\BD Encounters\Encounter19-T1-C__0__20180731_050000-Channel1-20180731_050445.csv                     ,19,AutoEvent9          ,Tt                  ,NWAtlWhist.model                                                                                                                ,,(0.01733-0.0-0.07333-0.096-0.0-0.02-0.21067-0.07733-0.50533-)                                                                   ,(Dd-Gg-Gm-Sa-Sb-Sc-Scl-Sf-Tt-)                                                                                                  ,21046.875,20671.875,0.161,20906.25,21046.875,375.0,0.0,0.0,20859.375,98.3258295159517,20859.375,20859.375,0.0179775280898876,1.01814058956916,0.993318485523385,20671.875,20859.375,20812.5,93.75,0.0,0.0,0.0,0.0,0.065625,0.0,0.0,0.0,449.810606060606,9540.7196969697,12488.1628787879,-9740.25974025974,-1.28211805555556,0.0,0.0,1.0,1.0,0.0,0.0,3.0,3.0,0.0,0.0,0.0,0.0,44.4444444444444,55.5555555555556,0.0,6.0,0.031,0.021,1.47619047619048,0.0236,0.00415932686861709,0.022,37.2670807453416,0.0,0.0,0.0,0.0,0.0,0.0,0.0,0.0,0.0,0.0,0.0,0.0,0.0,0.0,0.0,0.0,0.0,0.0,0.0,0.0,0.0,0.0
38,4201,2018-07-31 05:00:00.437,437,2018-07-31 01:00:00.437,2023-05-03 11:37:44.563,0,,0,C:\Users\Bailey Lab\Desktop\BD Encounters\Encounter20-T1-C__0__20180731_050000_Amplify3-Channel1-20180731_050000.csv            ,20,AutoEvent10         ,Tt                  ,NWAtlWhist.model                                                                                                                ,,(0.136-0.0-0.05067-0.07867-0.0-0.144-0.19867-0.09067-0.30133-)                                                                  ,(Dd-Gg-Gm-Sa-Sb-Sc-Scl-Sf-Tt-)                                                                                                  ,13875.0,13406.25,0.192,13406.25,13640.625,468.75,0.0,0.0,13596.2171052632,137.529901055045,13593.75,13640.625,0.0343642611683849,1.03496503496504,0.982817869415807,13500.0,13500.0,13640.625,164.0625,0.0,0.0,0.0,0.0,0.0609375,0.0,0.0,0.0,1250.78914141414,9489.4255050505,12082.7414772727,-10592.5324675325,-1.14068486590038,2.0,1.0,0.0,0.0,0.0,1.0,3.0,2.0,0.0,1.0,0.0,1.0,45.4545454545455,45.4545454545455,9.09090909090909,5.0,0.063,0.011,5.72727272727273,0.0295,0.0229419557434263,0.022,26.0416666666667,0.0,0.0,0.0,0.0,0.0,0.0,0.0,0.0,0.0,0.0,0.0,0.0,0.0,0.0,0.0,0.0,0.0,0.0,0.0,0.0,0.0,0.0
39,4202,2018-07-31 05:02:57.301,301,2018-07-31 01:02:57.301,2023-05-03 11:37:53.450,0,,0,C:\Users\Bailey Lab\Desktop\BD Encounters\Encounter21-T1-C__0__20180731_050000_Amplify3-Channel1-20180731_050257.csv            ,21,AutoEvent10         ,Dd                  ,NWAtlWhist.model                                                                                                                ,,(0.25867-0.0-0.02-0.03733-0.0-0.212-0.21467-0.11733-0.14-)                                                                      ,(Dd-Gg-Gm-Sa-Sb-Sc-Scl-Sf-Tt-)                                                                                                  ,16265.625,14484.375,0.17,14484.375,16171.875,1781.25,0.0,0.0,15638.671875,578.642082946142,15867.1875,15375.0,0.115853658536585,1.12297734627832,0.895652173913044,15328.125,15843.75,16031.25,632.8125,0.0,0.0,0.0,0.0,0.084375,0.0,0.0,0.0,10104.1666666667,11297.3484848485,16051.1363636364,-4474.43181818182,-3.58730158730159,2.0,1.0,0.0,2.0,1.0,0.0,1.0,0.0,1.0,0.0,1.0,0.0,70.5882352941177,17.6470588235294,11.7647058823529,1.0,0.0,0.0,0.0,0.0,0.0,0.0,0.0,0.0,0.0,0.0,0.0,0.0,0.0,0.0,0.0,0.0,0.0,0.0,0.0,0.0,0.0,0.0,0.0,0.0,0.0,0.0,0.0,0.0,0.0
40,4203,2018-07-31 05:04:45.226,226,2018-07-31 01:04:45.226,2023-05-03 11:37:58.609,0,,0,C:\Users\Bailey Lab\Desktop\BD Encounters\Encounter22-T1-C__0__20180731_050000_Amplify3-Channel1-20180731_050445.csv            ,22,AutoEvent10         ,Tt                  ,NWAtlWhist.model                                                                                                                ,,(0.01733-0.0-0.07333-0.096-0.0-0.02-0.21067-0.07733-0.50533-)                                                                   ,(Dd-Gg-Gm-Sa-Sb-Sc-Scl-Sf-Tt-)                                                                                                  ,21046.875,20671.875,0.161,20906.25,21046.875,375.0,0.0,0.0,20859.375,98.3258295159517,20859.375,20859.375,0.0179775280898876,1.01814058956916,0.993318485523385,20671.875,20859.375,20812.5,93.75,0.0,0.0,0.0,0.0,0.065625,0.0,0.0,0.0,449.810606060606,9540.7196969697,12488.1628787879,-9740.25974025974,-1.28211805555556,0.0,0.0,1.0,1.0,0.0,0.0,3.0,3.0,0.0,0.0,0.0,0.0,44.4444444444444,55.5555555555556,0.0,6.0,0.031,0.021,1.47619047619048,0.0236,0.00415932686861709,0.022,37.2670807453416,0.0,0.0,0.0,0.0,0.0,0.0,0.0,0.0,0.0,0.0,0.0,0.0,0.0,0.0,0.0,0.0,0.0,0.0,0.0,0.0,0.0,0.0
41,4204,2018-07-31 05:00:00.437,437,2018-07-31 01:00:00.437,2023-05-03 11:38:00.590,0,,0,C:\Users\Bailey Lab\Desktop\BD Encounters\Encounter23-T1-C__0__20180731_050000_Amplify5-Channel1-20180731_050000.csv            ,23,AutoEvent11         ,Tt                  ,NWAtlWhist.model                                                                                                                ,,(0.136-0.0-0.05067-0.07867-0.0-0.144-0.19867-0.09067-0.30133-)                                                                  ,(Dd-Gg-Gm-Sa-Sb-Sc-Scl-Sf-Tt-)                                                                                                  ,13875.0,13406.25,0.192,13406.25,13640.625,468.75,0.0,0.0,13596.2171052632,137.529901055045,13593.75,13640.625,0.0343642611683849,1.03496503496504,0.982817869415807,13500.0,13500.0,13640.625,164.0625,0.0,0.0,0.0,0.0,0.0609375,0.0,0.0,0.0,1250.78914141414,9489.4255050505,12082.7414772727,-10592.5324675325,-1.14068486590038,2.0,1.0,0.0,0.0,0.0,1.0,3.0,2.0,0.0,1.0,0.0,1.0,45.4545454545455,45.4545454545455,9.09090909090909,5.0,0.063,0.011,5.72727272727273,0.0295,0.0229419557434263,0.022,26.0416666666667,0.0,0.0,0.0,0.0,0.0,0.0,0.0,0.0,0.0,0.0,0.0,0.0,0.0,0.0,0.0,0.0,0.0,0.0,0.0,0.0,0.0,0.0
42,4205,2018-07-31 05:02:57.301,301,2018-07-31 01:02:57.301,2023-05-03 11:38:09.578,0,,0,C:\Users\Bailey Lab\Desktop\BD Encounters\Encounter24-T1-C__0__20180731_050000_Amplify5-Channel1-20180731_050257.csv            ,24,AutoEvent11         ,Dd                  ,NWAtlWhist.model                                                                                                                ,,(0.25867-0.0-0.02-0.03733-0.0-0.212-0.21467-0.11733-0.14-)                                                                      ,(Dd-Gg-Gm-Sa-Sb-Sc-Scl-Sf-Tt-)                                                                                                  ,16265.625,14484.375,0.17,14484.375,16171.875,1781.25,0.0,0.0,15638.671875,578.642082946142,15867.1875,15375.0,0.115853658536585,1.12297734627832,0.895652173913044,15328.125,15843.75,16031.25,632.8125,0.0,0.0,0.0,0.0,0.084375,0.0,0.0,0.0,10104.1666666667,11297.3484848485,16051.1363636364,-4474.43181818182,-3.58730158730159,2.0,1.0,0.0,2.0,1.0,0.0,1.0,0.0,1.0,0.0,1.0,0.0,70.5882352941177,17.6470588235294,11.7647058823529,1.0,0.0,0.0,0.0,0.0,0.0,0.0,0.0,0.0,0.0,0.0,0.0,0.0,0.0,0.0,0.0,0.0,0.0,0.0,0.0,0.0,0.0,0.0,0.0,0.0,0.0,0.0,0.0,0.0,0.0
43,4206,2018-07-31 05:04:45.226,226,2018-07-31 01:04:45.226,2023-05-03 11:38:14.775,0,,0,C:\Users\Bailey Lab\Desktop\BD Encounters\Encounter25-T1-C__0__20180731_050000_Amplify5-Channel1-20180731_050445.csv            ,25,AutoEvent11         ,Tt                  ,NWAtlWhist.model                                                                                                                ,,(0.01733-0.0-0.07333-0.096-0.0-0.02-0.21067-0.07733-0.50533-)                                                                   ,(Dd-Gg-Gm-Sa-Sb-Sc-Scl-Sf-Tt-)                                                                                                  ,21046.875,20671.875,0.161,20906.25,21046.875,375.0,0.0,0.0,20859.375,98.3258295159517,20859.375,20859.375,0.0179775280898876,1.01814058956916,0.993318485523385,20671.875,20859.375,20812.5,93.75,0.0,0.0,0.0,0.0,0.065625,0.0,0.0,0.0,449.810606060606,9540.7196969697,12488.1628787879,-9740.25974025974,-1.28211805555556,0.0,0.0,1.0,1.0,0.0,0.0,3.0,3.0,0.0,0.0,0.0,0.0,44.4444444444444,55.5555555555556,0.0,6.0,0.031,0.021,1.47619047619048,0.0236,0.00415932686861709,0.022,37.2670807453416,0.0,0.0,0.0,0.0,0.0,0.0,0.0,0.0,0.0,0.0,0.0,0.0,0.0,0.0,0.0,0.0,0.0,0.0,0.0,0.0,0.0,0.0
